http://www.hindilinks4u.net/2013/12/dhoom-3-2013.html, http://www.hindilinks4u.net/2013/07/lootera-2013.html, http://www.hindilinks4u.net/2013/07/raanjhanaa-2013.html, http://www.hindilinks4u.net/2013/08/chaloo-movie-2013.html, http://www.hindilinks4u.net/2013/08/sixteen-2013.html, http://www.hindilinks4u.net/2013/08/rabba-main-kya-karoon-2013.html, http://www.hindilinks4u.net/2013/06/yeh-jawaani-hai-deewani-2013.html, http://www.hindilinks4u.net/2013/11/krrish-3-2013.html, http://www.hindilinks4u.net/2013/08/bajatey-raho-2013.html, http://www.hindilinks4u.net/2013/07/policegiri-2013.html, http://www.hindilinks4u.net/2014/01/mahabharat-2014.html, http://www.hindilinks4u.net/2013/06/zindagi-50-50-2013.html, http://www.hindilinks4u.net/2013/09/zanjeer-2013.html, http://www.hindilinks4u.net/2013/07/bhaag-milkha-bhaag-2013.html, http://www.hindilinks4u.net/2014/01/yaariyan-2014.html, http://www.hindilinks4u.net/2013/05/rangeelay-2013.html, http://www.hindilinks4u.net/2013/09/shuddh-desi-romance-2013.html, http://www.hindilinks4u.net/2013/12/singh-saab-the-great-2013.html, http://www.hindilinks4u.net/2013/05/gippy-2013.html, http://www.hindilinks4u.net/2013/09/grand-masti-2013.html, http://www.hindilinks4u.net/2014/01/dedh-ishqiya-2014.html, http://www.hindilinks4u.net/2013/09/john-day-2013.html, http://www.hindilinks4u.net/2013/12/bullett-raja-2013.html, http://www.hindilinks4u.net/2013/05/aurangzeb-2013.html, http://www.hindilinks4u.net/2013/11/rajjo-2013.html, http://www.hindilinks4u.net/2013/09/satyagraha-2013.html, http://www.hindilinks4u.net/2013/10/boss-2013.html, http://www.hindilinks4u.net/2013/10/besharam-2013.html, http://www.hindilinks4u.net/2013/06/chal-pichchur-banate-hain-2013.html, http://www.hindilinks4u.net/2013/09/madras-cafe-2013.html, http://www.hindilinks4u.net/2013/11/mickey-virus-2013.html, http://www.hindilinks4u.net/2013/10/ishk-actually-2013.html, http://www.hindilinks4u.net/2013/10/baat-bann-gayi-2013.html, http://www.hindilinks4u.net/2013/06/enemmy-2013.html, http://www.hindilinks4u.net/2014/01/mr-joe-b-carvalho-2014.html, http://www.hindilinks4u.net/2013/10/war-chod-na-yaar-2013.html, http://www.hindilinks4u.net/2013/10/horror-story-2013.html, http://www.hindilinks4u.net/2013/08/issaq-2013.html, http://www.hindilinks4u.net/2013/10/sheetalbhabhi-com-2013.html, http://www.hindilinks4u.net/2013/10/super-model-2013.html, http://www.hindilinks4u.net/2013/05/go-goa-gone-2013.html, http://www.hindilinks4u.net/2013/07/ramaiya-vastavaiya-2013.html, http://www.hindilinks4u.net/2013/08/once-upon-a-time-in-mumbai-dobaara-2013.html, http://www.hindilinks4u.net/2013/07/shortcut-romeo-2013.html, http://www.hindilinks4u.net/2013/06/hum-hai-raahi-car-ke-2013.html, http://www.hindilinks4u.net/2013/10/main-hoon-shahid-afridi-2013.html, http://www.hindilinks4u.net/2013/08/chennai-express-2013.html, http://www.hindilinks4u.net/2013/06/fukrey-2013.html, http://www.hindilinks4u.net/2013/12/r-rajkumar-2013.html, http://www.hindilinks4u.net/2013/08/nasha-2013.html, http://www.hindilinks4u.net/2013/09/phata-poster-nikla-hero-2013.html, http://www.hindilinks4u.net/2014/01/sholay-3d-2014.html, http://www.hindilinks4u.net/2013/06/ankur-arora-murder-case-2013.html, http://www.hindilinks4u.net/2013/06/yamla-pagla-deewana-2-2013.html, http://www.hindilinks4u.net/2013/12/gori-tere-pyaar-mein-2013.html, http://www.hindilinks4u.net/2013/11/goliyon-ki-rasleela-ram-leela-2013.html, http://www.hindilinks4u.net/2013/05/ishkq-in-paris-2013.html, http://www.hindilinks4u.net/2013/08/d-day-2013.html, http://www.hindilinks4u.net/2013/12/jackpot-2013.html, http://www.hindilinks4u.net/2013/07/ghanchakkar-2013.html












