http://www.filmshowonline.net/videos/142675/,http://www.dailymotion.com/embed/video/k1hxgjzP2upfzH4qNEV?syndication=118894
http://www.filmshowonline.net/videos/142671/,http://www.dailymotion.com/embed/video/k7p4qBpzo0msrg4pzu7?syndication=118894
http://www.filmshowonline.net/videos/142669/,http://www.dailymotion.com/embed/video/k5fxKNlZzd48aX4pztq?syndication=118894
http://www.filmshowonline.net/videos/142672/,http://www.dailymotion.com/embed/video/k1RtjjzUsNxlQX4pzuG?syndication=118894
http://www.filmshowonline.net/videos/142674/,http://www.dailymotion.com/embed/video/k6SfAU3dYI3dt54qMF3?syndication=118894
http://www.filmshowonline.net/videos/142673/,http://www.dailymotion.com/embed/video/kddw2L1SlMd46X4qMC1?syndication=118894
http://www.filmshowonline.net/videos/142677/,http://www.dailymotion.com/embed/video/kexj3BlLbtqIOj4qNv4?syndication=118894
http://www.filmshowonline.net/videos/142670/,http://www.dailymotion.com/embed/video/k6UTob6WFwwSQF4pztV?syndication=118894
http://www.filmshowonline.net/videos/153063/,http://www.youtube.com/embed/pKFZ_2dHyuY
http://www.filmshowonline.net/videos/138627/,http://www.dailymotion.com/embed/video/k77NHW5C91EE4R48Uhc?syndication=118894
http://www.filmshowonline.net/videos/138624/,http://www.dailymotion.com/embed/video/knbCnSGLYeGOI548Uc9?syndication=118894
http://www.filmshowonline.net/videos/138623/,http://www.dailymotion.com/embed/video/k1rEfrKaoVTwMo48UbM?syndication=118894
http://www.filmshowonline.net/videos/138626/,http://www.dailymotion.com/embed/video/k2Js75IdOGhhvL48Ugp?syndication=118894
http://www.filmshowonline.net/videos/149843/,http://www.dailymotion.com/embed/video/x11s3vn?syndication=118894
http://www.filmshowonline.net/videos/146282/,http://www.dailymotion.com/embed/video/kxMVHY0Uujz4Fi4Kqna?syndication=118894
http://www.filmshowonline.net/videos/146284/,http://www.dailymotion.com/embed/video/k4vM71FL2PS3a14KqnE?syndication=118894
http://www.filmshowonline.net/videos/153187/,http://www.dailymotion.com/embed/video/k1bG4hAdTJQmOJ5b6uy?syndication=118894
http://www.filmshowonline.net/videos/146283/,http://www.dailymotion.com/embed/video/k3dkCriRsqeGUw4Kqnu?syndication=118894
http://www.filmshowonline.net/videos/153207/,http://www.dailymotion.com/embed/video/k3o6KSI1TJEBLE5aDlP?syndication=118894
http://www.filmshowonline.net/videos/153209/,http://www.dailymotion.com/embed/video/k2cF1lTtcbnYcp5aDl6?syndication=118894
http://www.filmshowonline.net/videos/153208/,http://www.dailymotion.com/embed/video/k6PV3FzR0LjaO85aDlV?syndication=118894
http://www.filmshowonline.net/videos/152730/,http://www.youtube.com/embed/wm_Spee1wgo
http://www.filmshowonline.net/videos/153185/,http://www.dailymotion.com/embed/video/k2sB2hODalqDXO5b6uc?syndication=118894
http://www.filmshowonline.net/videos/138622/,http://www.dailymotion.com/embed/video/k6QAWVSXU9vxPu48Ubz?syndication=118894
http://www.filmshowonline.net/videos/142679/,http://www.dailymotion.com/embed/video/k1sW8pcQUsR7H54qmjj?syndication=118894
http://www.filmshowonline.net/videos/152706/,http://www.dailymotion.com/embed/video/k2m1fSrrLfkdEv4oCnR?syndication=118894
http://www.filmshowonline.net/videos/144353/,https://docs.google.com/file/d/0B3BWD_KKYgnhUnVDOXpWdndCSDA/preview
http://www.filmshowonline.net/videos/152707/,http://www.dailymotion.com/embed/video/k6GhejFdSOYtDS4oCos?syndication=118894
http://www.filmshowonline.net/videos/152710/,http://www.dailymotion.com/embed/video/k4d1gyp2xw5UVm4oCIp?syndication=118894
http://www.filmshowonline.net/videos/153062/,http://www.youtube.com/embed/PoEI5qjgHgI
http://www.filmshowonline.net/videos/152711/,http://www.dailymotion.com/embed/video/k4azHdAStTYxoj4oCIS?syndication=118894
http://www.filmshowonline.net/videos/152166/,http://www.dailymotion.com/embed/video/k41pnk8DvGuNuF58wKe?syndication=118894
http://www.filmshowonline.net/videos/152167/,http://www.dailymotion.com/embed/video/k2UOYncXKeHNJp58wKj?syndication=118894
http://www.filmshowonline.net/videos/152168/,http://www.dailymotion.com/embed/video/k30wPjBFsksmOY58wKn?syndication=118894
http://www.filmshowonline.net/videos/152164/,http://www.dailymotion.com/embed/video/k1geVrgJuejWnF58yZ1?syndication=118894
http://www.filmshowonline.net/videos/152163/,http://www.dailymotion.com/embed/video/k2qXjrmwiiMcB558yYG?syndication=118894
http://www.filmshowonline.net/videos/144684/,http://www.dailymotion.com/embed/video/k3uIrilpOpufbU4Dq77?syndication=118894
http://www.filmshowonline.net/videos/153186/,http://www.dailymotion.com/embed/video/k6kdZLv2fetxJR5b6us?syndication=118894
http://www.filmshowonline.net/videos/144668/,http://www.dailymotion.com/embed/video/x14o249?syndication=118894
http://www.filmshowonline.net/videos/152165/,http://www.dailymotion.com/embed/video/k4WO9DoUIpr8HV58yZt?syndication=118894
http://www.filmshowonline.net/videos/144669/,http://www.dailymotion.com/embed/video/x14o24g?syndication=118894
http://www.filmshowonline.net/videos/149844/,http://www.dailymotion.com/embed/video/x11s3wp?syndication=118894
http://www.filmshowonline.net/videos/144695/,http://www.dailymotion.com/embed/video/k3LNRWXPzs9Ee84Dq70?syndication=118894
http://www.filmshowonline.net/videos/144696/,http://www.dailymotion.com/embed/video/kFh8kVnfCqDzzy4Dq77?syndication=118894
http://www.filmshowonline.net/videos/144685/,http://www.dailymotion.com/embed/video/k1AZ7XZrBEu0Hm4Dq7e?syndication=118894
http://www.filmshowonline.net/videos/144683/,http://www.dailymotion.com/embed/video/k3cvGWXoUpcQit4Dq70?syndication=118894
http://www.filmshowonline.net/videos/152705/,http://www.dailymotion.com/embed/video/kbjCHN15cuJHTZ4oCn1?syndication=118894
http://www.filmshowonline.net/videos/144664/,http://www.dailymotion.com/embed/video/k2BMzyGbOWOKlR4CvOw?syndication=118894
http://www.filmshowonline.net/videos/144681/,https://docs.google.com/file/d/0B1LUEci-iAWnSnJxVW1mZ003bk0/preview
http://www.filmshowonline.net/videos/144663/,http://www.dailymotion.com/embed/video/k4YeSDGc66rFSp4CvMN?syndication=118894
http://www.filmshowonline.net/videos/138118/,http://www.dailymotion.com/embed/video/xzr313?syndication=118894
http://www.filmshowonline.net/videos/144662/,http://www.dailymotion.com/embed/video/k3qdEhzyvSOtSw4CvKh?syndication=118894
http://www.filmshowonline.net/videos/138129/,http://www.dailymotion.com/embed/video/xzr8em?syndication=118894
http://www.filmshowonline.net/videos/138130/,http://www.dailymotion.com/embed/video/xzr8er?syndication=118894
http://www.filmshowonline.net/videos/138131/,http://www.dailymotion.com/embed/video/xzr8eu?syndication=118894
http://www.filmshowonline.net/videos/138119/,http://www.dailymotion.com/embed/video/xzr31d?syndication=118894
http://www.filmshowonline.net/videos/146308/,http://www.dailymotion.com/embed/video/k2Hx8F4bqQmrwz4MFlf?syndication=118894
http://www.filmshowonline.net/videos/144670/,http://www.dailymotion.com/embed/video/x14o24l?syndication=118894
http://www.filmshowonline.net/videos/146311/,http://www.dailymotion.com/embed/video/k6EHuBKEDJm5ZR4MYy0?syndication=118894
http://www.filmshowonline.net/videos/146299/,http://www.dailymotion.com/embed/video/k5ZHYlCSeHNFlf4MTps?syndication=118894
http://www.filmshowonline.net/videos/146287/,http://www.dailymotion.com/embed/video/k3UMWORMq8bKmk4MYxR?syndication=118894
http://www.filmshowonline.net/videos/146300/,http://www.dailymotion.com/embed/video/k3LwHHV2t0jx6h4MTpJ?syndication=118894
http://www.filmshowonline.net/videos/146309/,http://www.dailymotion.com/embed/video/k37hbank0NzJd04MFmm?syndication=118894
http://www.filmshowonline.net/videos/146288/,http://www.dailymotion.com/embed/video/k3PDm6QAJFI61w4MYy0?syndication=118894
http://www.filmshowonline.net/videos/144682/,https://docs.google.com/file/d/0B1LUEci-iAWnMjRqQ3BjR0swenM/preview
http://www.filmshowonline.net/videos/138117/,http://www.dailymotion.com/embed/video/xzr30j?syndication=118894
http://www.filmshowonline.net/videos/146307/,http://www.dailymotion.com/embed/video/k3fmT4oC3sLsWq4MFl6?syndication=118894
http://www.filmshowonline.net/videos/151001/,http://www.dailymotion.com/embed/video/k55yCz8bPqFCwB54e5J?syndication=118894
http://www.filmshowonline.net/videos/144697/,http://www.dailymotion.com/embed/video/k3Z58H3CviFzh54Dq7e?syndication=118894
http://www.filmshowonline.net/videos/138661/,http://www.dailymotion.com/embed/video/k76y7HHOWL86Cu48XXN?syndication=118894
http://www.filmshowonline.net/videos/146312/,http://www.dailymotion.com/embed/video/k5pRuwCR1KfPPW4MYyh?syndication=118894
http://www.filmshowonline.net/videos/146289/,http://www.dailymotion.com/embed/video/k5pRuwCR1KfPPW4MYyh?syndication=118894
http://www.filmshowonline.net/videos/138664/,http://www.dailymotion.com/embed/video/k5pRuwCR1KfPPW4MYyh?syndication=118894
http://www.filmshowonline.net/videos/138666/,http://www.dailymotion.com/embed/video/k2sKsrUp10tSOC493Zt?syndication=118894
http://www.filmshowonline.net/videos/151000/,http://www.dailymotion.com/embed/video/k4PNtCDgLRQMvm54dRn?syndication=118894
http://www.filmshowonline.net/videos/138667/,http://www.dailymotion.com/embed/video/k5KVSkXQg2YP7148RIH?syndication=118894
http://www.filmshowonline.net/videos/146310/,http://www.dailymotion.com/embed/video/k17z0TaqxxgM5m4MYxR?syndication=118894
http://www.filmshowonline.net/videos/146306/,http://www.dailymotion.com/embed/video/k17z0TaqxxgM5m4MYxR?syndication=118894
http://www.filmshowonline.net/videos/146301/,http://www.dailymotion.com/embed/video/k766fINceyq5AQ4MTpZ?syndication=118894
http://www.filmshowonline.net/videos/138665/,http://www.dailymotion.com/embed/video/k1P8u6VFSX25lk493Zb?syndication=118894
http://www.filmshowonline.net/videos/142357/,http://www.dailymotion.com/embed/video/k5fOv3EiU4ixBu4oDt5?syndication=118894
http://www.filmshowonline.net/videos/139714/,http://www.dailymotion.com/embed/video/k20FcEk9gBprTR4cI5z?syndication=118894
http://www.filmshowonline.net/videos/152733/,http://www.youtube.com/embed/4VsoTZHAaNo
http://www.filmshowonline.net/videos/138669/,http://www.dailymotion.com/embed/video/k4NeF7EqyREKLk48RMy?syndication=118894
http://www.filmshowonline.net/videos/145326/,https://docs.google.com/file/d/0ByPScny1UbCeZUxackVPaHVEZWM/preview
http://www.filmshowonline.net/videos/139716/,http://www.dailymotion.com/embed/video/k2WpM1Uu6T9cWi4cI5P?syndication=118894
http://www.filmshowonline.net/videos/152732/,http://www.youtube.com/embed/_2gkQ4cuw78
http://www.filmshowonline.net/videos/139715/,http://www.dailymotion.com/embed/video/kAJRCDxGYwd2mq4cI5J?syndication=118894
http://www.filmshowonline.net/videos/142358/,http://www.dailymotion.com/embed/video/k5iOFZKRe7S85Y4oDtb?syndication=118894
http://www.filmshowonline.net/videos/147084/,https://docs.google.com/file/d/0B1VGMEdhWyVZTDBKaG5faWQ5ZEE/preview
http://www.filmshowonline.net/videos/147085/,https://docs.google.com/file/d/0B1VGMEdhWyVZc1haV3daeFJIcHM/preview
http://www.filmshowonline.net/videos/142359/,http://www.dailymotion.com/embed/video/k677k02lmb1BgR4oDtc?syndication=118894
http://www.filmshowonline.net/videos/152947/,http://www.dailymotion.com/embed/video/kneGztq295FxAG4Tsr0?syndication=118894
http://www.filmshowonline.net/videos/152988/,http://www.dailymotion.com/embed/video/k6Wq4kRF5zpIyD5apiK?syndication=118894
http://www.filmshowonline.net/videos/152989/,http://www.dailymotion.com/embed/video/k2yMHfZRRR3qMl5apiK?syndication=118894
http://www.filmshowonline.net/videos/153006/,http://www.dailymotion.com/embed/video/k2NhHximznktZ959hlT?syndication=118894
http://www.filmshowonline.net/videos/153008/,http://www.dailymotion.com/embed/video/k2iEKwkt9UiG7y59hme?syndication=118894
http://www.filmshowonline.net/videos/153007/,http://www.dailymotion.com/embed/video/k1J3LT3SwZuiYj59hm4?syndication=118894
http://www.filmshowonline.net/videos/152994/,http://www.dailymotion.com/embed/video/x19dq8l?syndication=118894
http://www.filmshowonline.net/videos/149082/,https://docs.google.com/file/d/0BzBjOBxmYHeWWkhBT2xSbDF6WTA/preview
http://www.filmshowonline.net/videos/153025/,http://www.dailymotion.com/embed/video/k77PBofGkjCdwF58uQH?syndication=118894
http://www.filmshowonline.net/videos/152995/,http://www.dailymotion.com/embed/video/x19dq8y?syndication=118894
http://www.filmshowonline.net/videos/145620/,http://www.dailymotion.com/embed/video/x15z6ih?syndication=118894
http://www.filmshowonline.net/videos/153027/,http://www.dailymotion.com/embed/video/k63jqAp3WKH2Yx58uR9?syndication=118894
http://www.filmshowonline.net/videos/147083/,https://docs.google.com/file/d/0B1VGMEdhWyVZdWVkRkptQkxEVVk/preview
http://www.filmshowonline.net/videos/152949/,http://www.dailymotion.com/embed/video/k7cdqZ2wH9tBCP4Tsrv?syndication=118894
http://www.filmshowonline.net/videos/145624/,http://www.dailymotion.com/embed/video/k59tecFpIBBNyk4LZCY?syndication=118894
http://www.filmshowonline.net/videos/152990/,http://www.dailymotion.com/embed/video/k2Y4OGGQVDWrh65apm9?syndication=118894
http://www.filmshowonline.net/videos/145621/,http://www.dailymotion.com/embed/video/x15z6ix?syndication=118894
http://www.filmshowonline.net/videos/142312/,http://www.dailymotion.com/embed/video/k5v9Fa97Sg8MMC4mEQb?syndication=118894
http://www.filmshowonline.net/videos/145619/,http://www.dailymotion.com/embed/video/x15z6hx?syndication=118894
http://www.filmshowonline.net/videos/145623/,http://www.dailymotion.com/embed/video/k1zAofar8DBZi54LZCR?syndication=118894
http://www.filmshowonline.net/videos/153004/,http://www.dailymotion.com/embed/video/k7J9vpX6tJIjLt58Z4c?syndication=118894
http://www.filmshowonline.net/videos/145226/,http://www.dailymotion.com/embed/video/k1QrI1gyfCkaKs4HjzA?syndication=118894
http://www.filmshowonline.net/videos/145216/,http://www.dailymotion.com/embed/video/k50KGooJ3yk8534HjAn?syndication=118894
http://www.filmshowonline.net/videos/145228/,http://www.dailymotion.com/embed/video/k3uYTLXpfLvSy24HjAn?syndication=118894
http://www.filmshowonline.net/videos/153003/,http://www.dailymotion.com/embed/video/k5BpzJ8YDkj8WJ58Z7P?syndication=118894
http://www.filmshowonline.net/videos/153005/,http://www.dailymotion.com/embed/video/k5D365CA8fvG9K58Z4z?syndication=118894
http://www.filmshowonline.net/videos/145750/,http://www.dailymotion.com/embed/video/k2U62SP1OHaExS4KTKs?syndication=118894
http://www.filmshowonline.net/videos/145227/,http://www.dailymotion.com/embed/video/k7mp10kmBDb6Lr4HjAi?syndication=118894
http://www.filmshowonline.net/videos/145208/,http://www.dailymotion.com/embed/video/k3v3htmixDrYLk4HqGy?syndication=118894
http://www.filmshowonline.net/videos/145752/,http://www.dailymotion.com/embed/video/kvAHwvkB8JpEu54KTM8?syndication=118894
http://www.filmshowonline.net/videos/145753/,http://www.dailymotion.com/embed/video/k2umdvlCzmYTAd4KX0c?syndication=118894
http://www.filmshowonline.net/videos/145755/,http://www.dailymotion.com/embed/video/k3CWErN3Ge6Rc04KX0v?syndication=118894
http://www.filmshowonline.net/videos/145765/,http://www.dailymotion.com/embed/video/k28S37gwNMHqQq4KKBh?syndication=118894
http://www.filmshowonline.net/videos/145214/,http://www.dailymotion.com/embed/video/k2TlLn2R4SEKXT4HjzA?syndication=118894
http://www.filmshowonline.net/videos/145757/,https://docs.google.com/file/d/0BxTqmqU_5D0MNVJvLWJrNmV3VDQ/preview
http://www.filmshowonline.net/videos/145754/,http://www.dailymotion.com/embed/video/k2h2PKaHoddo6T4KX0n?syndication=118894
http://www.filmshowonline.net/videos/145758/,https://docs.google.com/file/d/0BxTqmqU_5D0MYjNBYW8wQzNCWWc/preview
http://www.filmshowonline.net/videos/138237/,http://www.dailymotion.com/embed/video/k1UwvpkEToRwwf44vjL?syndication=118894
http://www.filmshowonline.net/videos/142310/,http://www.dailymotion.com/embed/video/k1citJuHvt0bmi4mEPZ?syndication=118894
http://www.filmshowonline.net/videos/138147/,https://docs.google.com/file/d/0B1eElDztM86xM3VJdkNBSFQtYjg/preview
http://www.filmshowonline.net/videos/145764/,http://www.dailymotion.com/embed/video/k7aWHPPfdZg11Z4KKB9?syndication=118894
http://www.filmshowonline.net/videos/138239/,http://www.dailymotion.com/embed/video/k4B7DHRKmq55aT44vkk?syndication=118894
http://www.filmshowonline.net/videos/148983/,http://www.dailymotion.com/embed/video/k5v21RGoRteMv94WPcE?syndication=118894
http://www.filmshowonline.net/videos/148984/,http://www.dailymotion.com/embed/video/k3O9XPOhEHvErF4WPcL?syndication=118894
http://www.filmshowonline.net/videos/148980/,http://www.dailymotion.com/embed/video/x17rmwe?syndication=118894
http://www.filmshowonline.net/videos/138238/,http://www.dailymotion.com/embed/video/k6bFq4sTP55zZc44vk5?syndication=118894
http://www.filmshowonline.net/videos/145751/,http://www.dailymotion.com/embed/video/k2iFdvBk84kHKk4KTKA?syndication=118894
http://www.filmshowonline.net/videos/145210/,http://www.dailymotion.com/embed/video/k2aYYRALm6jVqi4HqGQ?syndication=118894
http://www.filmshowonline.net/videos/146629/,http://www.dailymotion.com/embed/video/kIQziLDok2uZRG4PhMv?syndication=118894
http://www.filmshowonline.net/videos/148978/,http://www.dailymotion.com/embed/video/x17rmw8?syndication=118894
http://www.filmshowonline.net/videos/148979/,http://www.dailymotion.com/embed/video/x17rmwc?syndication=118894
http://www.filmshowonline.net/videos/145763/,http://www.dailymotion.com/embed/video/k6NMWwJ3jEI7hO4KKAW?syndication=118894
Http://www.filmshowonline.net/videos/145460/,http://www.dailymotion.com/embed/video/k5boYAq1oCqu3P4IWlY?syndication=118894
http://www.filmshowonline.net/videos/138148/,https://docs.google.com/file/d/0B1eElDztM86xWmlvVUJsLUxXNGs/preview
http://www.filmshowonline.net/videos/142942/,https://docs.google.com/file/d/0B4U8DXpf4c66VWVPRUR2SVROX2M/preview?pli=1
http://www.filmshowonline.net/videos/138149/,https://docs.google.com/file/d/0B1eElDztM86xQnV2R3dzM3daV0k/preview
http://www.filmshowonline.net/videos/145571/,http://www.dailymotion.com/embed/video/k6fpc9rUIC6BJT4KTmb?syndication=118894
http://www.filmshowonline.net/videos/142943/,https://docs.google.com/file/d/0B4U8DXpf4c66SnhGRVFxUFdlMW8/preview?pli=1
http://www.filmshowonline.net/videos/145572/,http://www.dailymotion.com/embed/video/k4B8BulWpje0xb4KTna?syndication=118894
http://www.filmshowonline.net/videos/145573/,http://www.dailymotion.com/embed/video/k75KZ4IfT9RqsU4KTnR?syndication=118894
http://www.filmshowonline.net/videos/145580/,https://docs.google.com/file/d/0BxTqmqU_5D0MMWNKbVhncENYWFU/preview
http://www.filmshowonline.net/videos/150050/,https://docs.google.com/file/d/0By4whpirnSATaGgtM2tqVG16TEE/preview?pli=1
http://www.filmshowonline.net/videos/139341/,http://www.dailymotion.com/embed/video/x10we0q?syndication=118894
http://www.filmshowonline.net/videos/145581/,https://docs.google.com/file/d/0BxTqmqU_5D0MbTJZcUdpczcwdkE/preview
http://www.filmshowonline.net/videos/145457/,http://www.dailymotion.com/embed/video/k27GEYEirmuXbQ4IWlR?syndication=118894
http://www.filmshowonline.net/videos/145582/,https://docs.google.com/file/d/0BxTqmqU_5D0Mbko5LXgxa0tOUEE/preview
http://www.filmshowonline.net/videos/153287/,https://docs.google.com/file/d/0BxN_y7E8prUiZW13bXc2TzNXZDg/preview?pli=1
http://www.filmshowonline.net/videos/150596/,http://www.dailymotion.com/embed/video/kQx8SBlzAygAKy51fk5?syndication=118894
http://www.filmshowonline.net/videos/150599/,http://www.dailymotion.com/embed/video/k6ua2ZCvbHKdjk51fkX?syndication=118894
http://www.filmshowonline.net/videos/146628/,http://www.dailymotion.com/embed/video/k72ikSDyt5SvcI4PhMk?syndication=118894
http://www.filmshowonline.net/videos/144938/,http://www.dailymotion.com/embed/video/k1GtMZZs5OCUYs4Gw5O?syndication=118894
http://www.filmshowonline.net/videos/152545/,https://docs.google.com/file/d/0B50FsrhFUUoOMUR5aFNDb2k3OFE/preview
http://www.filmshowonline.net/videos/150598/,http://www.dailymotion.com/embed/video/k6KkXhMmuUakli51fkL?syndication=118894
http://www.filmshowonline.net/videos/152464/,https://docs.google.com/file/d/0B50FsrhFUUoOTnljd3o0Q29QNVU/preview
http://www.filmshowonline.net/videos/139346/,http://www.dailymotion.com/embed/video/x10we27?syndication=118894
http://www.filmshowonline.net/videos/150597/,http://www.dailymotion.com/embed/video/kIF1iHVZhZkkaK51fkm?syndication=118894
http://www.filmshowonline.net/videos/150624/,https://docs.google.com/file/d/0By4whpirnSATRnZIcDRQTV94cW8/preview?pli=1
http://www.filmshowonline.net/videos/145534/,https://docs.google.com/file/d/0B2_i4GSI562iQmIyX3hsdkJJaUU/preview
http://www.filmshowonline.net/videos/152445/,http://www.dailymotion.com/embed/video/k7ryKeM7a94mpM58yKb?syndication=118894
http://www.filmshowonline.net/videos/152446/,http://www.dailymotion.com/embed/video/k4J5Zv8pYtfmkq58yKe?syndication=118894
http://www.filmshowonline.net/videos/151803/,http://www.dailymotion.com/embed/video/x165w4q?syndication=118894
http://www.filmshowonline.net/videos/151804/,http://www.dailymotion.com/embed/video/x165w4y?syndication=118894
http://www.filmshowonline.net/videos/141382/,http://www.dailymotion.com/embed/video/x114yce?syndication=118894
http://www.filmshowonline.net/videos/149109/,https://docs.google.com/file/d/0B2Ehje-TuUxBMU0yM0JSRFZVRms/preview
http://www.filmshowonline.net/videos/149110/,https://docs.google.com/file/d/0B2Ehje-TuUxBTXhnZmRMenNHRXM/preview
http://www.filmshowonline.net/videos/152743/,http://www.dailymotion.com/embed/video/k2o6HBNHGBRvSO55PsJ?syndication=118894
http://www.filmshowonline.net/videos/141380/,http://www.dailymotion.com/embed/video/x114ybz?syndication=118894
http://www.filmshowonline.net/videos/141379/,http://www.dailymotion.com/embed/video/x114ybu?syndication=118894
http://www.filmshowonline.net/videos/145459/,http://www.dailymotion.com/embed/video/kxWRmlRK2LOq3O4IWlV?syndication=118894
http://www.filmshowonline.net/videos/144939/,http://www.dailymotion.com/embed/video/k8Nv5cqO6oPPF84Gw5R?syndication=118894
http://www.filmshowonline.net/videos/141667/,http://www.dailymotion.com/embed/video/x11ft55?syndication=118894
http://www.filmshowonline.net/videos/151801/,http://www.youtube.com/embed/03hQlPrludA
http://www.filmshowonline.net/videos/152744/,http://www.dailymotion.com/embed/video/k4DHGbP8ZEgyij55PsK?syndication=118894
http://www.filmshowonline.net/videos/152748/,http://www.dailymotion.com/embed/video/x18q1zc?syndication=118894
http://www.filmshowonline.net/videos/140993/,http://www.dailymotion.com/embed/video/x116ol5?syndication=118894
http://www.filmshowonline.net/videos/152447/,http://www.dailymotion.com/embed/video/k8p9F8YGoLpsaT58yKg?syndication=118894
http://www.filmshowonline.net/videos/152747/,http://www.dailymotion.com/embed/video/x18q1z5?syndication=118894
http://www.filmshowonline.net/videos/140994/,http://www.dailymotion.com/embed/video/x116olc?syndication=118894
http://www.filmshowonline.net/videos/141668/,http://www.dailymotion.com/embed/video/x11ft5h?syndication=118894
http://www.filmshowonline.net/videos/152745/,http://www.dailymotion.com/embed/video/k4C4hZYgoOzlkP55PsO?syndication=118894
http://www.filmshowonline.net/videos/149190/,http://www.youtube.com/embed/WaH0vJUdHd8
http://www.filmshowonline.net/videos/152444/,http://www.dailymotion.com/embed/video/k6ZhlRzEmNLaw858yJR?syndication=118894
http://www.filmshowonline.net/videos/145245/,http://www.dailymotion.com/embed/video/k1Z9pz9jEEaXTa4IepL?syndication=118894
http://www.filmshowonline.net/videos/145246/,http://www.dailymotion.com/embed/video/k2J9pXiyCJcCx94IepQ?syndication=118894
http://www.filmshowonline.net/videos/152746/,http://www.dailymotion.com/embed/video/x18q1yt?syndication=118894
http://www.filmshowonline.net/videos/145256/,http://www.dailymotion.com/embed/video/k2dlLbz3Fxpe9e4IepI?syndication=118894
http://www.filmshowonline.net/videos/144559/,http://www.dailymotion.com/embed/video/k7fUDqgs3pfnz64Ea4C?syndication=118894
http://www.filmshowonline.net/videos/142766/,http://www.dailymotion.com/embed/video/k7pYv7BG9WqocA4sKwJ?syndication=118894
http://www.filmshowonline.net/videos/145257/,http://www.dailymotion.com/embed/video/k2TjYl4EBoYySA4IepL?syndication=118894
http://www.filmshowonline.net/videos/144561/,http://www.dailymotion.com/embed/video/k1jvpTRfZeyTXg4Ea90?syndication=118894
http://www.filmshowonline.net/videos/142769/,http://www.dailymotion.com/embed/video/k7t2ER6L3WZqUM4sKxg?syndication=118894
http://www.filmshowonline.net/videos/142773/,http://www.dailymotion.com/embed/video/k799QrYryZPyhZ4sPKz?syndication=118894
http://www.filmshowonline.net/videos/140992/,http://www.dailymotion.com/embed/video/x116ol0?syndication=118894
http://www.filmshowonline.net/videos/142774/,http://www.dailymotion.com/embed/video/k1vRoegh9vvLGo4sPLh?syndication=118894
http://www.filmshowonline.net/videos/144560/,http://www.dailymotion.com/embed/video/k6Uklfabf9qg4M4Ea7p?syndication=118894
http://www.filmshowonline.net/videos/142779/,http://www.dailymotion.com/embed/video/k1nZv5g2UwgL3y4sCFa?syndication=118894
http://www.filmshowonline.net/videos/142768/,http://www.dailymotion.com/embed/video/k3poVn1ev8eLbR4sKxa?syndication=118894
http://www.filmshowonline.net/videos/142771/,https://docs.google.com/file/d/0B1LUEci-iAWnbWxGbnB3LUVCQ00/preview
http://www.filmshowonline.net/videos/142778/,http://www.dailymotion.com/embed/video/k4nu43GXFVS8Tz4sCEZ?syndication=118894
http://www.filmshowonline.net/videos/151099/,http://www.dailymotion.com/embed/video/x18ihsh?syndication=118894
http://www.filmshowonline.net/videos/142767/,http://www.dailymotion.com/embed/video/k7h3GwAg66uz9a4sKx2?syndication=118894
http://www.filmshowonline.net/videos/142770/,https://docs.google.com/file/d/0B1LUEci-iAWnSUF4TXhtbU1vS28/preview
